{
  "parent": "item/handheld_rod",
  "textures": {
    "front": "liars:item/card_back",
    "back": "liars:item/card_back"
  },
  "display": {
    "firstperson_righthand": {
      "rotation": [90, 0, 0],
      "scale": [0.5, 0.5, 0.5],
      "translation": [0, 5, 0]
    },
    "thirdperson_righthand": {
      "rotation": [180, 0, 0],
      "scale": [1, 1, 1]
    },
    "firstperson_lefthand": {
      "scale": [0, 0, 0]
    },
    "thirdperson_lefthand": {
      "scale": [0, 0, 0]
    },
    "gui": {
      "rotation": [45, 0, 0]
    }
  },
  "elements": [
    {
      "from": [0, 7.5, 0],
			"to": [16, 8, 16],
      "faces": {
        "up": {
          "texture": "#front"
        },
        "down": {
          "texture": "#back"
        }
      }
    }
  ]
}
